Name,Street,City,State,Zip
Chandler Regional Medical Center,1955 W Frye Rd,Chandler,AZ,85224
Mayo Clinic Hospital,5777 E Mayo Blvd,Phoenix,AZ,85054
Mercy Gilbert Medical Center,3555 S Val Vista Dr,Gilbert,AZ,85297
St. Joseph's Hospital And Medical Center,350 W Thomas Rd,Phoenix,AZ,85013
St. Joseph's Westgate Medical Center,7300 N 99th Ave,Glendale,AZ,85307
UCSF Medical Center,505 Parnassus Ave, San Francisco,CA,94143
Alta Bates Summit Medical Center,350 Hawthorne Ave,Oakland,CA,94609
Cedars - Sinai Medical Center,8700 Beverly Blvd,West Hollywood,CA,90048
Eden Medical Center,20103 Lake Chabot Rd,Castro Valley,CA,94546
Hoag Hospital Newport Beach,250 Hospital Pkwy,San Jose,CA,95119
Kaiser Permanente Santa Clara Medical Center,700 Lawrence Expy,Santa Clara,CA,95051
Memorial Medical Center,1700 Coffee Rd,Modesto,CA,95355
Mills-peninsula Medical Center,1501 Trousdale Dr,Burlingame,CA,94010
Mills Health Center,18300 Roscoe Blvd,Northridge,CA,91325
Providence Holy Cross Medical Center,15031 Rinaldi St,Mission Hills,CA,91345
Providence St. Jude Medical Center,101 E Valencia Mesa Dr,Fullerton,CA,92835
Ronald Reagan UCLA Medical Center,757 Westwood Plaza,Los Angeles,CA,90095
Scripps Green Hospital,10666 N Torrey Pines Rd,La Jolla,CA,92037
Scripps Memorial Hospital Encinitas,354 Santa Fe Dr,Encinitas,CA,92024
Scripps Mercy Hospital San Diego,4077 5th Ave,San Diego,CA,92103
Scripps Mercy Hospital Chula Vista,435 H St,Chula Vista,CA,91910
Stanford Health Care,300 Pasteur Dr,Stanford,CA,94305
Sutter Roseville Medical Center,1 Medical Plaza Dr,Roseville,CA,95661
UCLA Santa Monica Medical Center,1250 16th St,Santa Monica,CA,90404
UCHealth University of Colorado Hospital,12605 E 16th Ave,Aurora,CO,80045
Poudre Valley Hospital,1024 S Lemay Ave,Fort Collins,CO,80524
Middlesex Hospital,28 Crescent St,Middletown,CT,6457
Norwalk Hospital,34 Maple St,Norwalk,CT,6850
Christiana Hospital,4755 OGLETOWN-STANTON ROAD,Newark,DE,19718
Wilmington Hospital,501 W 14th St,Wilmington,DE,19801
Tampa General Hospital,Tampa General Hospital,Tampa,FL,33606
Adventhealth Orlando,601 E Rollins St,Orlando,FL,32803
AdventHealth Winter Park,200 N Lakemont Ave,Winter Park,FL,32792
AdventHealth Celebration,400 Celebration Pl,Celebration,FL,34747
AdventHealth Apopka,201 N Park Ave,Apopka,FL,32703
AdventHealth Altamonte Springs,601 E Altamonte Dr,Altamonte Springs,FL,32701
AdventHealth Kissimmee,2450 N Orange Blossom Trl,Kissimmee,FL,34744
AdventHealth East Orlando,7727 Lake Underhill Rd,Orlando,FL,32822
Cape Coral Hospital,636 Del Prado Blvd,Cape Coral,FL,33990
Flagler Hospital,400 Health Park Blvd,Saint Augustine,FL,32086
Lee Memorial Hospital,2776 Cleveland Ave,Fort Myers,FL,33901
HealthPark Medical Center,9981 S Healthpark Dr,Fort Myers,FL,33908
Mayo Clinic in Florida,4500 San Pablo Rd S,Jacksonville,FL,32224
NCH Baker Downtown,350 7th St N,Naples,FL,34102
NCH North Naples Hospital,11190 Health Park Blvd,Naples,FL,34110
Emory University Hospital,1364 Clifton Road North East,Atlanta,GA,30322
Emory University Hospital Midtown,550 Peachtree St NE,Atlanta,GA,30308
Emory Saint Joseph's Hospital,5665 Peachtree Dunwoody Rd,Atlanta,GA,30342
Piedmont Fayette Hospital,1255 Highway 54 W,Fayetteville,GA,30214
NorthShore University HealthSystem,1000 Central St Suite 800,Evanston,IL,60201
Rush University Medical Center,1620 W Harrison St,Chicago,IL,60612
Northwestern Memorial Hospital,251 E Huron St,Chicago,IL,60611
AMITA Health Alexian Brothers Medical Center Elk Grove Village,800 Biesterfield Rd,Elk Grove Village,IL,60007
AMITA Health Resurrection Medical Center Chicago,7435 W Talcott Ave,Chicago,IL,60631
Advocate Lutheran General Hospital,1775 Dempster St,Park Ridge,IL,60068
Carle Foundation Hospital,611 W Park St,Urbana,IL,61801
Northwest Community Hospital,800 W Central Rd,Arlington Heights,IL,60005
Palos Community Hospital,12251 S 80th Ave,Palos Heights,IL,60463
UnityPoint Health - St. Luke's Hospital,1026 A Ave NE,Cedar Rapids,IA,52402
Stormont Vail Hospital,1500 SW 10th Ave,Topeka,KS,66604
University Of Kansas Hospital,4000 Cambridge St,Kansas City,KS,66160
Frederick Health Hospital,400 W 7th St,Frederick,MD,21701
Holy Cross Hospital,1500 Forest Glen Rd,Silver Spring,MD,20910
Howard County General Hospital,5755 Cedar Ln,Columbia,MD,21044
Johns Hopkins Bayview Medical Center,4940 Eastern Ave,Baltimore,MD,21224
MedStar Franklin Square Medical Center,9000 Franklin Square Dr,Baltimore,MD,21237
University of Maryland St. Joseph Medical Center,7601 Osler Dr,Towson,MD,21204
Brigham and Women's Hospital,75 Francis St,Boston,MA,2115
Massachusetts General Hospital,55 Fruit St,Boston,MA,2114
Lahey Hospital and Medical Center,41 MALL ROAD,Burlington,MA,1805
Lawrence Memorial Hospital of Medford,170 Governors Ave,Medford,MA,2155
MelroseWakefield Hospital,585 Lebanon St,Melrose,MA,2176
Munson Medical Center,1105 6th St,Traverse City,MI,49684
University of Michigan Hospital,1500 E Medical Center Dr,Ann Arbor,MI,48109
Ascension Providence Hospital - Southfield Campus,16001 W 9 Mile Rd,Southfield,MI,48075
"Providence-Providence Park Hospital, Novi",47601 Grand River Ave,Novi,MI,48374
"Beaumont Hospital, Royal Oak",3601 W 13 Mile Rd,Royal Oak,MI,48073
"Beaumont Hospital, Troy",44201 Dequindre Rd,Troy,MI,48085
St. Joseph Mercy Ann Arbor,5301 McAuley Dr,Ypsilanti,MI,48197
Abbott Northwestern Hospital,800 E 28th St,Minneapolis,MN,55407
Mayo Clinic Health System Mankato,1025 Marsh St,Mankato,MN,56001
"Mayo Clinic Hospital, Saint Marys Campus",1216 2nd St SW,Rochester,MN,55902
"Mayo Clinic Hospital, Methodist Campus",201 W Center St,Rochester,MN,55902
Mercy Hospital,4050 Coon Rapids Blvd NW,Coon Rapids,MN,55433
Mercy Hospital - Unity Campus,550 Osborne Rd NE,Fridley,MN,55432
Barnes-Jewish Hospital,One Barnes Jewish Hospital Plaza,St. Louis,MO,63110
Morristown Medical Center,100 Madison Ave,Morristown,NJ,7960
Overlook Medical Center,99 Beauvoir Ave,Summit,NJ,7901
Presbyterian Hospital,1100 Central Ave SE,Albuquerque,NM,87106
Presbyterian Rust Medical Center,2400 Unser Blvd SE,Rio Rancho,NM,87124
Mount Sinai Hospital,1468 Madison Ave,New York,NY,10029
NYU Langone Hospitals,550 1st Ave.,New York,NY,10016
New York-Presbyterian Hospital-Columbia and Cornell,Praveen Hospital Lane,New York,NY,10032
Lenox Hill Hospital,100 E 77th St,New York,NY,10075
Rochester General Hospital,1425 Portland Ave,Rochester,NY,14621
Stony Brook University Hospital,101 NICOLLS ROAD,Stony Brook,NY,11794
Stony Brook Southampton Hospital,240 Meeting House Ln,Southampton,NY,11968
Vassar Brothers Medical Center,45 Reade Pl,Poughkeepsie,NY,12601
Mission Hospital,509 Biltmore Ave,Asheville,NC,28801
Novant Health Matthews Medical Center,1500 Matthews Township Pkwy,Matthews,NC,28105
Pardee Hospital,800 N Justice St,Hendersonville,NC,28791
Bethesda North Hospital,10500 Montgomery Rd,Cincinnati,OH,45242
Christ Hospital,2139 Auburn Ave,Cincinnati,OH,45219
Cleveland Clinic,9500 Euclid Ave, Cleveland,OH,44195
Fort Hamilton Hughes Memorial Hospital,630 Eaton Ave,Hamilton,OH,45013
Mercy Health - Fairfield Hospital,3000 Mack Rd,Fairfield,OH,45014
Mercy Health-West Hospital,3300 Mercy Health Blvd,Cincinnati,OH,45211
ProMedica Toledo Hospital,1 ProMedica Parkway,Toledo,OH,43606
ProMedica Wildwood Orthopaedic and Spine Hospital,2901 N Reynolds Rd,Toledo,OH,43615
Summa Health System - Akron Campus,141 N Forge St,Akron,OH,44304
Summa Barberton Hospital,155 5th St NE,Barberton,OH,44203
Akron City Hospital,525 E Market St,Akron,OH,44304
The Jewish Hospital-mercy Health,4777 E Galbraith Rd,Cincinnati,OH,45236
Kaiser Sunnyside Medical Center,10180 SE Sunnyside Rd,Clackamas,OR,97015
Providence St. Vincent Medical Center,9205 SW Barnes Rd,Portland,OR,97225
Pennsylvania Hospital,800 Spruce St,Philadelphia,PA,19107
Penn Presbyterian Medical Center,51 N 39th,Philadelphia,PA,19104
Chester County Hospital,701 E Marshall St,West Chester,PA,19380
Lancaster General Hospital,555 N Duke St,Lancaster,PA,17602
Lankenau Medical Center,100 E Lancaster Ave,Wynnewood,PA,19096
Milton S Hershey Medical Center,500 University Dr,Hershey,PA,17033
Reading Hospital,420 S 5th Ave,West Reading,PA,19611
Riddle Memorial Hospital,1068 W Baltimore Pike,Media,PA,19063
St. Luke's Hospital - Bethlehem Campus,801 Ostrum St,Bethlehem,PA,18015
St. Luke's Hospital - Allentown Campus,1736 Hamilton St,Allentown,PA,18104
UPMC Pinnacle Harrisburg,111 S Front St,Harrisburg,PA,17101
UPMC Community Osteopathic,4300 Londonderry Rd,Harrisburg,PA,17109
Wellspan Chambersburg Hospital,112 N 7th St,Chambersburg,PA,17201
The Miriam Hospital,164 Summit Ave,Providence,RI,2906
St. Francis Downtown,1 Saint Francis Dr,Greenville,SC,29601
Bon Secours St. Francis Health System - St. Francis - Eastside,125 Commonwealth Dr,Greenville,SC,29615
Vanderbilt University Medical Center,1211 Medical Center Dr,Nashville,TN,75246
Baylor University Medical Center,3500 Gaston Ave,Dallas,TX,75246
Baylor Scott & White Medical Center - Temple,2401 S 31st St,Temple,TX,76508
Houston Methodist Hospital,6565 Fannin St,Houston,TX,77030
University of Utah Health,50 Medical Dr N,Salt Lake City,UT,84132
Henrico Doctors' Hospital,1602 Skipwith Rd,Richmond,VA,23229
Parham Doctors' Hospital,7700 E Parham Rd,Richmond,VA,23294
Retreat Doctors' Hospital,2621 Grove Ave,Richmond,VA,23220
Sentara Princess Anne Hospital,2025 Glenn Mitchell Dr,Virginia Beach,VA,23456
EvergreenHealth Medical Center - Kirkland,12040 NE 128th St,Kirkland,WA,98034
Legacy Salmon Creek Medical Center,2211 NE 139th St,Vancouver,WA,98686
University Hospital,600 Highland Ave,Madison,WI,53792
Ascension Columbia Saint Mary's Hospital Milwaukee,2323 N Lake Dr,Milwaukee,WI,53211
Froedtert Hospital,9200 W Wisconsin Ave,Milwaukee,WI,53226
Froedtert Menomonee Falls Hospital,W180N8085 Town Hall Rd,Menomonee Falls,WI,53051